--------JOB SEEKERS INSERTION–-------

INSERT INTO Job_Seeker (user_id, first_name, last_name, email, phone_number, password, city, street, desired_position, CV_url)
VALUES
(1, 'John', 'Doe', 'john.doe@example.com', '1234567890', 'password1', 'New York', '5th Ave', 'Software Engineer', 'cv1.pdf'),
(2, 'Jane', 'Smith', 'jane.smith@example.com', '1234567891', 'password2', 'Los Angeles', 'Sunset Blvd', 'Data Analyst', 'cv2.pdf'),
(3, 'Alice', 'Brown', 'alice.brown@example.com', '1234567892', 'password3', 'Chicago', 'Michigan Ave', 'Product Manager', 'cv3.pdf'),
(4, 'Bob', 'Johnson', 'bob.johnson@example.com', '1234567893', 'password4', 'Houston', 'Main St', 'Marketing Specialist', 'cv4.pdf'),
(5, 'Charlie', 'Davis', 'charlie.davis@example.com', '1234567894', 'password5', 'Phoenix', 'Roosevelt St', 'UX Designer', 'cv5.pdf'),
(6, 'David', 'Miller', 'david.miller@example.com', '1234567895', 'password6', 'Philadelphia', 'Market St', 'Business Analyst', 'cv6.pdf'),
(7, 'Ella', 'Wilson', 'ella.wilson@example.com', '1234567896', 'password7', 'San Antonio', 'Broadway', 'Financial Analyst', 'cv7.pdf'),
(8, 'Frank', 'Moore', 'frank.moore@example.com', '1234567897', 'password8', 'San Diego', 'Harbor Dr', 'Civil Engineer', 'cv8.pdf'),
(9, 'Grace', 'Taylor', 'grace.taylor@example.com', '1234567898', 'password9', 'Dallas', 'Elm St', 'Graphic Designer', 'cv9.pdf'),
(10, 'Hannah', 'Anderson', 'hannah.anderson@example.com', '1234567899', 'password10', 'San Jose', 'Santa Clara St', 'QA Engineer', 'cv10.pdf'),
(11, 'Ian', 'Thomas', 'ian.thomas@example.com', '1234567800', 'password11', 'Austin', 'Congress Ave', 'Electrical Engineer', 'cv11.pdf'),
(12, 'Julia', 'Jackson', 'julia.jackson@example.com', '1234567801', 'password12', 'Jacksonville', 'Bay St', 'Systems Administrator', 'cv12.pdf'),
(13, 'Kyle', 'White', 'kyle.white@example.com', '1234567802', 'password13', 'Fort Worth', 'Camp Bowie Blvd', 'Backend Developer', 'cv13.pdf'),
(14, 'Laura', 'Harris', 'laura.harris@example.com', '1234567803', 'password14', 'Columbus', 'High St', 'HR Specialist', 'cv14.pdf'),
(15, 'Mike', 'Martin', 'mike.martin@example.com', '1234567804', 'password15', 'Charlotte', 'Tryon St', 'Mechanical Engineer', 'cv15.pdf');


------------COMPANY INSERTION–------------

INSERT INTO Company (user_id, first_name, last_name, email, phone_number, password, company_name, industry, company_size, office_location, website, description)
VALUES
(16, 'Emily', 'Walker', 'recruitment@techpulse.com', '4001001001', 'pass1', 'TechPulse', 'Technology', 600, 'San Francisco', 'www.techpulse.com', 'Innovative software solutions'),
(17, 'Michael', 'Roberts', 'careers@healthway.org', '4001001002', 'pass2', 'HealthWay', 'Healthcare', 300, 'New York', 'www.healthway.org', 'Healthcare and wellness services'),
(18, 'Sophia', 'Turner', 'hiring@finovatefinance.com', '4001001003', 'pass3', 'Finovate Finance', 'Finance', 450, 'Chicago', 'www.finovatefinance.com', 'Smart finance management solutions'),
(19, 'Daniel', 'Perry', 'jobs@greengrow.ag', '4001001004', 'pass4', 'GreenGrow', 'Agriculture', 250, 'Iowa City', 'www.greengrow.ag', 'Modern agricultural innovations'),
(20, 'Olivia', 'Morgan', 'careers@citybuildco.com', '4001001005', 'pass5', 'CityBuild Co.', 'Construction', 500, 'Dallas', 'www.citybuildco.com', 'Urban infrastructure development'),
(21, 'James', 'Reed', 'recruitment@nextgenmedia.com', '4001001006', 'pass6', 'NextGen Media', 'Media', 400, 'Los Angeles', 'www.nextgenmedia.com', 'Creative content and media solutions'),
(22, 'Ava', 'Brooks', 'hiring@alphalogistics.com', '4001001007', 'pass7', 'Alpha Logistics', 'Logistics', 350, 'Houston', 'www.alphalogistics.com', 'Efficient transport and logistics'),
(23, 'Liam', 'Bennett', 'jobs@cleanairtech.com', '4001001008', 'pass8', 'CleanAir Tech', 'Environmental', 200, 'Seattle', 'www.cleanairtech.com', 'Environmental technology company'),
(24, 'Isabella', 'Foster', 'careers@edumindacademy.com', '4001001009', 'pass9', 'EduMind Academy', 'Education', 280, 'Boston', 'www.edumindacademy.com', 'Learning and development solutions'),
(25, 'Benjamin', 'Gray', 'recruitment@brightmart.com', '4001001010', 'pass10', 'BrightMart', 'Retail', 800, 'Miami', 'www.brightmart.com', 'Online and in-store retail services'),
(26, 'Charlotte', 'Hayes', 'hiring@energexpower.com', '4001001011', 'pass11', 'Energex Power', 'Energy', 600, 'Denver', 'www.energexpower.com', 'Renewable and conventional energy provider'),
(27, 'William', 'Russell', 'careers@stylehubfashion.com', '4001001012', 'pass12', 'StyleHub', 'Fashion', 500, 'New York', 'www.stylehubfashion.com', 'Fashion retail and design house'),
(28, 'Amelia', 'Coleman', 'recruitment@cyberdefenseinc.com', '4001001013', 'pass13', 'CyberDefense Inc.', 'Cybersecurity', 220, 'Austin', 'www.cyberdefenseinc.com', 'Cybersecurity and IT protection'),
(29, 'Elijah', 'Howard', 'jobs@globetraveladventures.com', '4001001014', 'pass14', 'Globe Travel Adventures', 'Travel', 120, 'Orlando', 'www.globetraveladventures.com', 'World travel and tourism agency'),
(30, 'Mia', 'Wells', 'careers@purewatersolutions.com', '4001001015', 'pass15', 'PureWater Solutions', 'Utilities', 310, 'Phoenix', 'www.purewatersolutions.com', 'Water treatment and supply solutions');



---------ADMIN INSERTION–---------
INSERT INTO Admin (user_id, first_name, last_name, email, phone_number, password)
VALUES
(31, 'Admin', 'One', 'admin.one@example.com', '3234567890', 'passadmin1'),
(32, 'Admin', 'Two', 'admin.two@example.com', '3234567891', 'passadmin2'),
(33, 'Admin', 'Three', 'admin.three@example.com', '3234567892', 'passadmin3'),
(34, 'Admin', 'Four', 'admin.four@example.com', '3234567893', 'passadmin4'),
(35, 'Admin', 'Five', 'admin.five@example.com', '3234567894', 'passadmin5'),
(36, 'Admin', 'Six', 'admin.six@example.com', '3234567895', 'passadmin6'),
(37, 'Admin', 'Seven', 'admin.seven@example.com', '3234567896', 'passadmin7'),
(38, 'Admin', 'Eight', 'admin.eight@example.com', '3234567897', 'passadmin8'),
(39, 'Admin', 'Nine', 'admin.nine@example.com', '3234567898', 'passadmin9'),
(40, 'Admin', 'Ten', 'admin.ten@example.com', '3234567899', 'passadmin10'),
(41, 'Admin', 'Eleven', 'admin.eleven@example.com', '3234567800', 'passadmin11'),
(42, 'Admin', 'Twelve', 'admin.twelve@example.com', '3234567801', 'passadmin12'),
(43, 'Admin', 'Thirteen', 'admin.thirteen@example.com', '3234567802', 'passadmin13'),
(44, 'Admin', 'Fourteen', 'admin.fourteen@example.com', '3234567803', 'passadmin14'),
(45, 'Admin', 'Fifteen', 'admin.fifteen@example.com', '3234567804', 'passadmin15');

---------JOB LISTING INSERTION–---------

INSERT INTO Job_Listings (company_id, admin_id, title, description, location, posting_date, expiration_date, required_experience, salary_range, contract_type, status, approval_status)
VALUES
(16, 31, 'Software Engineer', 'Develop and maintain software applications.', 'San Francisco', CURRENT_DATE, CURRENT_DATE + INTERVAL '90 days', 3, '$80,000 - $100,000', 'Full-time', 'Open', 'approved'),
(17, 32, 'Data Analyst', 'Analyze and interpret complex data sets.', 'New York', CURRENT_DATE, CURRENT_DATE + INTERVAL '60 days', 2, '$65,000 - $85,000', 'Full-time', 'Open', 'pending'),
(18, 33, 'Financial Advisor', 'Advise clients on financial planning.', 'Chicago', CURRENT_DATE, CURRENT_DATE + INTERVAL '90 days', 4, '$70,000 - $90,000', 'Full-time', 'Open', 'approved'),
(19, 34, 'Agricultural Scientist', 'Conduct research on crop production.', 'Iowa City', CURRENT_DATE, CURRENT_DATE + INTERVAL '120 days', 5, '$60,000 - $80,000', 'Contract', 'Open', 'approved'),
(20, 35, 'Construction Manager', 'Oversee building projects.', 'Dallas', CURRENT_DATE, CURRENT_DATE + INTERVAL '90 days', 6, '$90,000 - $110,000', 'Full-time', 'Open', 'pending'),
(21, 36, 'Content Creator', 'Produce digital content for media.', 'Los Angeles', CURRENT_DATE, CURRENT_DATE + INTERVAL '30 days', 1, '$50,000 - $65,000', 'Part-time', 'Open', 'pending'),
(22, 37, 'Logistics Coordinator', 'Coordinate supply chain logistics.', 'Houston', CURRENT_DATE, CURRENT_DATE + INTERVAL '45 days', 2, '$55,000 - $75,000', 'Full-time', 'Open', 'approved'),
(23, 38, 'Environmental Consultant', 'Advise on environmental practices.', 'Seattle', CURRENT_DATE, CURRENT_DATE + INTERVAL '90 days', 3, '$70,000 - $90,000', 'Contract', 'Open', 'pending'),
(24, 39, 'Instructional Designer', 'Develop educational programs.', 'Boston', CURRENT_DATE, CURRENT_DATE + INTERVAL '60 days', 4, '$65,000 - $85,000', 'Full-time', 'Open', 'approved'),
(25, 40, 'Retail Store Manager', 'Manage daily retail operations.', 'Miami', CURRENT_DATE, CURRENT_DATE + INTERVAL '30 days', 5, '$55,000 - $75,000', 'Full-time', 'Open', 'approved'),
(26, 41, 'Energy Engineer', 'Design and evaluate energy systems.', 'Denver', CURRENT_DATE, CURRENT_DATE + INTERVAL '90 days', 3, '$80,000 - $100,000', 'Full-time', 'Open', 'pending'),
(27, 42, 'Fashion Designer', 'Create clothing collections.', 'New York', CURRENT_DATE, CURRENT_DATE + INTERVAL '120 days', 2, '$60,000 - $90,000', 'Contract', 'Open', 'approved'),
(28, 43, 'Cybersecurity Analyst', 'Protect systems from cyber threats.', 'Austin', CURRENT_DATE, CURRENT_DATE + INTERVAL '60 days', 3, '$85,000 - $105,000', 'Full-time', 'Open', 'pending'),
(29, 44, 'Travel Consultant', 'Plan and book travel arrangements.', 'Orlando', CURRENT_DATE, CURRENT_DATE + INTERVAL '45 days', 2, '$45,000 - $65,000', 'Part-time', 'Open', 'pending'),
(30, 45, 'Water Resource Engineer', 'Manage and improve water systems.', 'Phoenix', CURRENT_DATE, CURRENT_DATE + INTERVAL '90 days', 5, '$75,000 - $95,000', 'Full-time', 'Open', 'approved');

----------APPLICATION INSERTION–---------

INSERT INTO Application (job_id, job_seeker_id, status, submission_date)
VALUES
(1, 1, 'pending', CURRENT_DATE),
(2, 2, 'pending', CURRENT_DATE),
(3, 3, 'pending', CURRENT_DATE),
(4, 4, 'pending', CURRENT_DATE),
(5, 5, 'pending', CURRENT_DATE),
(6, 6, 'pending', CURRENT_DATE),
(7, 7, 'pending', CURRENT_DATE),
(8, 8, 'pending', CURRENT_DATE),
(9, 9, 'pending', CURRENT_DATE),
(10, 10, 'pending', CURRENT_DATE),
(11, 11, 'pending', CURRENT_DATE),
(12, 12, 'pending', CURRENT_DATE),
(13, 13, 'pending', CURRENT_DATE),
(14, 14, 'pending', CURRENT_DATE),
(15, 15, 'pending', CURRENT_DATE);

----------INTERVIEW INSERTION–---------

INSERT INTO Interview (application_id, job_seeker_id, company_id, interview_date, interview_time, interview_mode, feedback)
VALUES
(1, 1, 16, '2025-05-10', '10:00', 'Online', 'Good technical skills, needs improvement on communication.'),
(3, 3, 18, '2025-05-12', '14:00', 'Offline', 'Strong candidate, recommended for second round.'),
(5, 5, 20, '2025-05-15', '11:30', 'Online', 'Average performance, but good potential.'),
(7, 7, 22, '2025-05-18', '09:00', 'Offline', 'Excellent fit for the position, move forward.'),
(9, 9, 24, '2025-05-20', '16:00', 'Online', 'Candidate needs more experience for this role.');

----------INSERT WORK HISTORY–---------

-- Work history entries for Job Seekers
INSERT INTO Work_History (job_seeker_id, work_id, company_name, job_title, start_date, end_date)
VALUES
-- Job Seeker 1 (Software Engineer)
(1, 1, 'SoftLabs', 'Junior Software Engineer', '2019-06-01', '2021-05-31'),
(1, 2, 'TechWorld', 'Software Engineer', '2021-06-01', '2023-12-31'),

-- Job Seeker 2 (Data Analyst)
(2, 1, 'DataCorp', 'Data Assistant', '2018-09-01', '2020-08-31'),
(2, 2, 'Insight Analytics', 'Data Analyst', '2020-09-01', '2024-01-15'),

-- Job Seeker 3 (Product Manager)
(3, 1, 'Innovatech', 'Product Coordinator', '2017-03-01', '2019-12-31'),
(3, 2, 'VisionSoft', 'Junior Product Manager', '2020-01-01', '2022-12-31'),
(3, 3, 'NextGen Products', 'Product Manager', '2023-01-01', '2024-04-01'),

-- Job Seeker 4 (Marketing Specialist)
(4, 1, 'MarketEase', 'Marketing Intern', '2019-05-01', '2019-11-30'),
(4, 2, 'AdWave', 'Marketing Assistant', '2020-01-01', '2022-06-30'),

-- Job Seeker 5 (UX Designer)
(5, 1, 'DesignNest', 'UX Intern', '2020-02-01', '2020-08-31'),
(5, 2, 'PixelWorks', 'Junior UX Designer', '2020-09-01', '2023-12-31'),

-- Job Seeker 6 (Business Analyst)
(6, 1, 'BizSolutions', 'Business Analyst Intern', '2018-01-01', '2018-12-31'),
(6, 2, 'SmartBiz', 'Business Analyst', '2019-01-01', '2023-06-30'),

-- Job Seeker 7 (Financial Analyst)
(7, 1, 'FinServe', 'Financial Assistant', '2017-07-01', '2019-12-31'),
(7, 2, 'MoneyMatters Inc.', 'Financial Analyst', '2020-01-01', '2024-01-01'),

-- Job Seeker 8 (Civil Engineer)
(8, 1, 'BuildStrong', 'Site Engineer', '2016-06-01', '2018-05-31'),
(8, 2, 'UrbanConstruct', 'Civil Engineer', '2018-06-01', '2023-09-30'),

-- Job Seeker 9 (Graphic Designer)
(9, 1, 'CreativeHeads', 'Graphic Design Intern', '2019-03-01', '2019-08-31'),
(9, 2, 'DesignHive', 'Junior Graphic Designer', '2019-09-01', '2022-11-30'),

-- Job Seeker 10 (QA Engineer)
(10, 1, 'TestMasters', 'QA Tester', '2020-01-01', '2022-01-01'),
(10, 2, 'CodeCheckers', 'QA Engineer', '2022-02-01', '2024-02-01'),

-- Job Seeker 11 (Electrical Engineer)
(11, 1, 'ElectroWorks', 'Electrical Engineering Intern', '2017-05-01', '2017-11-30'),
(11, 2, 'PowerGrid Solutions', 'Electrical Engineer', '2018-01-01', '2023-05-01'),

-- Job Seeker 12 (Systems Administrator)
(12, 1, 'SysNet', 'Junior SysAdmin', '2018-04-01', '2021-03-31'),
(12, 2, 'ITCore', 'Systems Administrator', '2021-04-01', '2024-01-01'),

-- Job Seeker 13 (Backend Developer)
(13, 1, 'DevLab', 'Backend Intern', '2020-06-01', '2020-12-31'),
(13, 2, 'SoftLayers', 'Backend Developer', '2021-01-01', '2024-04-01'),

-- Job Seeker 14 (HR Specialist)
(14, 1, 'PeopleFirst', 'HR Assistant', '2019-01-01', '2020-12-31'),
(14, 2, 'TalentHive', 'HR Specialist', '2021-01-01', '2023-08-31'),

-- Job Seeker 15 (Mechanical Engineer)
(15, 1, 'MechNova', 'Mechanical Engineer', '2018-02-01', '2022-07-31');

-----------INSERT NOTIFICATIONS–---------

INSERT INTO Notification (message, job_seeker_id)
VALUES
('New Software Engineer position available in TechPulse.', 1),
('Interview session for Data Analysts scheduled next week.', 2),
('Top finance companies are hiring Financial Advisors.', 3),
('Exciting UX Designer roles open at BrightMart.', 5),
('Backend Developer opportunities in NextGen Media.', 6);


----------INSERT BOOKMARKS–---------
INSERT INTO Job_Bookmarks (user_id, job_id)
VALUES
(1, 2),
(2, 3),
(3, 5),
(5, 7),
(6, 10);